BN_atlas,thickness_layer1,thickness_layer2,thickness_layer3,thickness_layer4,thickness_layer5,thickness_layer6,total_thickness,percentage_layer1,percentage_layer2,percentage_layer3,percentage_layer4,percentage_layer5,percentage_layer6
0.0,0.1873996042086765,0.18847398732104836,0.3026154866004859,0.09285728963563356,0.21705027207117583,0.3296016961355599,1.3114599619337188,,,,0.09605124638414766,,
1.0,0.32630839121979965,0.22560860076605777,0.7716992357100766,0.12517579966411316,0.681056635061874,0.6420700913376547,2.770932651738362,0.12091546437006456,0.08398767750325561,0.27922076263662315,0.04535581329484914,0.24197424768749218,0.22816599713996655
2.0,0.32630839121979965,0.22560860076605777,0.7716992357100766,0.12517579966411316,0.681056635061874,0.6420700913376547,2.770932651738362,0.12091546437006456,0.08398767750325561,0.27922076263662315,0.04535581329484914,0.24197424768749218,0.22816599713996655
3.0,0.31426195369500215,0.2472732024775737,0.816020163178129,0.14632703007261852,0.6765547689021786,0.6411076070055532,2.841765574540794,0.11218114731552119,0.08838546048590415,0.2877572692049678,0.051985916147413956,0.23496825232390214,0.22366269223251595
4.0,0.31426195369500215,0.2472732024775737,0.816020163178129,0.14632703007261852,0.6765547689021786,0.6411076070055532,2.841765574540794,0.11218114731552119,0.08838546048590415,0.2877572692049678,0.051985916147413956,0.23496825232390214,0.22366269223251595
5.0,0.31006536242356864,0.21706389883268482,0.7581768827126181,0.16681817898832685,0.6309131211784326,0.6600531856586992,2.7402422234574764,0.11388298402136375,0.07969427408300594,0.2762578053820472,0.061254652683620084,0.22878813271950746,0.24068869420047043
6.0,0.31006536242356864,0.21706389883268482,0.7581768827126181,0.16681817898832685,0.6309131211784326,0.6600531856586992,2.7402422234574764,0.11388298402136375,0.07969427408300594,0.2762578053820472,0.061254652683620084,0.22878813271950746,0.24068869420047043
7.0,0.3053027551948052,0.23504566493506493,0.8352409571428572,0.13975803766233766,0.7383924931818182,0.6993180811688312,2.942632136363636,0.10588641772423374,0.08123438068114262,0.2831208976241794,0.04755623761627532,0.24802375579766883,0.23573050202968399
8.0,0.3053027551948052,0.23504566493506493,0.8352409571428572,0.13975803766233766,0.7383924931818182,0.6993180811688312,2.942632136363636,0.10588641772423374,0.08123438068114262,0.2831208976241794,0.04755623761627532,0.24802375579766883,0.23573050202968399
9.0,0.28534213144810444,0.21817427594779368,0.700382547545059,0.14534865699192046,0.5642608135487881,0.5991456482287135,2.506045270354257,0.11746579424400426,0.08928345349827185,0.27965124161728505,0.058831821494441244,0.22105545891802153,0.2358623073526191
10.0,0.28534213144810444,0.21817427594779368,0.700382547545059,0.14534865699192046,0.5642608135487881,0.5991456482287135,2.506045270354257,0.11746579424400426,0.08928345349827185,0.27965124161728505,0.058831821494441244,0.22105545891802153,0.2358623073526191
11.0,0.3415962768092974,0.23338538721605917,0.7674043264659272,0.1380366207078711,0.6706228975171685,0.649345910195457,2.8039525990491283,0.1250530889933143,0.08504924322983606,0.2736974429445399,0.049073777892309926,0.23569206662600445,0.22895558731188498
12.0,0.3415962768092974,0.23338538721605917,0.7674043264659272,0.1380366207078711,0.6706228975171685,0.649345910195457,2.8039525990491283,0.1250530889933143,0.08504924322983606,0.2736974429445399,0.049073777892309926,0.23569206662600445,0.22895558731188498
13.0,0.27830535630926334,0.21649360922684172,0.6313492461342086,0.19329408827498176,0.49726393982494527,0.5804213603209336,2.376529006199854,0.11845876048321277,0.09298109430567238,0.2631815819916722,0.08414119253460235,0.20510567934826332,0.2428271171262179
14.0,0.27830535630926334,0.21649360922684172,0.6313492461342086,0.19329408827498176,0.49726393982494527,0.5804213603209336,2.376529006199854,0.11845876048321277,0.09298109430567238,0.2631815819916722,0.08414119253460235,0.20510567934826332,0.2428271171262179
15.0,0.299360870472441,0.23422660157480316,0.7635950901574804,0.16613377153543307,0.5842826303149606,0.6351044677165354,2.6912702322834647,0.1131251693484203,0.08769856550027354,0.2833459487855681,0.061472594641105445,0.21577281086528077,0.23455484469648516
16.0,0.299360870472441,0.23422660157480316,0.7635950901574804,0.16613377153543307,0.5842826303149606,0.6351044677165354,2.6912702322834647,0.1131251693484203,0.08769856550027354,0.2833459487855681,0.061472594641105445,0.21577281086528077,0.23455484469648516
17.0,0.30115538000000003,0.2349910251115619,0.7669941821501014,0.18433480187829615,0.6396759160243407,0.627285399188641,2.7621536227180528,0.11045767698226389,0.08628659700408106,0.27913892764301695,0.06613146592727945,0.22881359334479195,0.22441801141462162
18.0,0.30115538000000003,0.2349910251115619,0.7669941821501014,0.18433480187829615,0.6396759160243407,0.627285399188641,2.7621536227180528,0.11045767698226389,0.08628659700408106,0.27913892764301695,0.06613146592727945,0.22881359334479195,0.22441801141462162
19.0,0.2779226067586207,0.2039526003678161,0.660449891862069,0.18984316912643676,0.5363094252873563,0.6067147981609194,2.4632472275862067,0.11354325376500292,0.08419813099997259,0.2667611737141557,0.07883913315092249,0.21665214352903686,0.2436036205997789
20.0,0.2779226067586207,0.2039526003678161,0.660449891862069,0.18984316912643676,0.5363094252873563,0.6067147981609194,2.4632472275862067,0.11354325376500292,0.08419813099997259,0.2667611737141557,0.07883913315092249,0.21665214352903686,0.2436036205997789
21.0,0.2729212957799548,0.22506095146948002,0.7311343843255463,0.166015684853052,0.5611842535795026,0.6052841394122079,2.5764142765636775,0.10698923025076904,0.08803118932843068,0.283183943499975,0.06440915667563307,0.21645697674818695,0.23407762203339263
22.0,0.2729212957799548,0.22506095146948002,0.7311343843255463,0.166015684853052,0.5611842535795026,0.6052841394122079,2.5764142765636775,0.10698923025076904,0.08803118932843068,0.283183943499975,0.06440915667563307,0.21645697674818695,0.23407762203339263
23.0,0.31541559757990867,0.23561683219178084,0.7773343908675799,0.16997432515981736,0.6408646214611873,0.6250552858447488,2.7772130639269403,0.11511968624235158,0.08616810683695635,0.2807273779907367,0.06096886163344893,0.22811597219549978,0.22301121751593303
24.0,0.31541559757990867,0.23561683219178084,0.7773343908675799,0.16997432515981736,0.6408646214611873,0.6250552858447488,2.7772130639269403,0.11511968624235158,0.08616810683695635,0.2807273779907367,0.06096886163344893,0.22811597219549978,0.22301121751593303
25.0,0.2825545402230483,0.23995111598513008,0.8664164408921933,0.14821438773234202,0.7079722797769517,0.7142687765799256,2.9485515985130113,0.097398800456427,0.08384748232475514,0.29532007460296783,0.05170131598318614,0.2355697518840268,0.23909676626692866
26.0,0.2825545402230483,0.23995111598513008,0.8664164408921933,0.14821438773234202,0.7079722797769517,0.7142687765799256,2.9485515985130113,0.097398800456427,0.08384748232475514,0.29532007460296783,0.05170131598318614,0.2355697518840268,0.23909676626692866
27.0,0.2623261843733613,0.18134732024121655,0.6673628264289461,0.22300867482957526,0.5418851442055586,0.5654122333508128,2.435715663345569,0.10939353415341141,0.07550235458052139,0.27258351506430195,0.09394684380538873,0.22047965642734732,0.2290051834655165
28.0,0.2623261843733613,0.18134732024121655,0.6673628264289461,0.22300867482957526,0.5418851442055586,0.5654122333508128,2.435715663345569,0.10939353415341141,0.07550235458052139,0.27258351506430195,0.09394684380538873,0.22047965642734732,0.2290051834655165
29.0,0.29538674463519315,0.2150305048283262,0.752012965665236,0.19252675278969955,0.6321179774678112,0.6658723658798282,2.7653087339055795,0.10788063683959485,0.07779160233794216,0.2721715644909243,0.06894084831602965,0.22797835378111475,0.23972800322155075
30.0,0.29538674463519315,0.2150305048283262,0.752012965665236,0.19252675278969955,0.6321179774678112,0.6658723658798282,2.7653087339055795,0.10788063683959485,0.07779160233794216,0.2721715644909243,0.06894084831602965,0.22797835378111475,0.23972800322155075
31.0,0.2932183173836699,0.2276348419666374,0.7921499253731343,0.18263175039508342,0.6084947164179104,0.6254123582089552,2.726640131694469,0.10855218573501353,0.08380424577180892,0.2909052583008531,0.06688050217185747,0.22211950263895053,0.22777221292086622
32.0,0.2932183173836699,0.2276348419666374,0.7921499253731343,0.18263175039508342,0.6084947164179104,0.6254123582089552,2.726640131694469,0.10855218573501353,0.08380424577180892,0.2909052583008531,0.06688050217185747,0.22211950263895053,0.22777221292086622
33.0,0.3140372660996355,0.2157753560145808,0.7828080012150669,0.1883005290400972,0.5683333438639125,0.6078055880923451,2.684725394896719,0.11829016927301837,0.08095726743456783,0.2921259337047477,0.06973234894076805,0.21056655825951837,0.22513568084367372
34.0,0.3140372660996355,0.2157753560145808,0.7828080012150669,0.1883005290400972,0.5683333438639125,0.6078055880923451,2.684725394896719,0.11829016927301837,0.08095726743456783,0.2921259337047477,0.06973234894076805,0.21056655825951837,0.22513568084367372
35.0,0.2697275984481086,0.21257388215324927,0.689450351600388,0.1669754429728419,0.5734440203685742,0.629465287099903,2.545646139670223,0.10687261811068571,0.08430204803748555,0.26906723753231,0.06516232139992957,0.22511889705887864,0.2471660791977597
36.0,0.2697275984481086,0.21257388215324927,0.689450351600388,0.1669754429728419,0.5734440203685742,0.629465287099903,2.545646139670223,0.10687261811068571,0.08430204803748555,0.26906723753231,0.06516232139992957,0.22511889705887864,0.2471660791977597
37.0,0.3132510021603456,0.22469224387902065,0.7760743619779165,0.17352898041286605,0.6438994191070572,0.6758324599135862,2.801587450792127,0.11366606562529377,0.08061629525958676,0.27670164513915196,0.06106382278475827,0.22897694746191977,0.24013883400955938
38.0,0.3132510021603456,0.22469224387902065,0.7760743619779165,0.17352898041286605,0.6438994191070572,0.6758324599135862,2.801587450792127,0.11366606562529377,0.08061629525958676,0.27670164513915196,0.06106382278475827,0.22897694746191977,0.24013883400955938
39.0,0.3332424205128205,0.24984824487179488,0.8484448076923078,0.20941423935897435,0.7560003282051282,0.7394985064102565,3.1235327820512824,0.1096893864376392,0.08071839971785522,0.2730913620120903,0.06675358442128627,0.23776656779999983,0.23410770403212092
40.0,0.3332424205128205,0.24984824487179488,0.8484448076923078,0.20941423935897435,0.7560003282051282,0.7394985064102565,3.1235327820512824,0.1096893864376392,0.08071839971785522,0.2730913620120903,0.06675358442128627,0.23776656779999983,0.23410770403212092
41.0,0.2859030624661979,0.22208981936181718,0.6516148253109789,0.18354768139534886,0.5153146381828015,0.5383834256354786,2.3858329150892374,0.12157863225730468,0.09323686810656419,0.2720994374957291,0.07759660264825213,0.21506389657863176,0.22416513263411136
42.0,0.2859030624661979,0.22208981936181718,0.6516148253109789,0.18354768139534886,0.5153146381828015,0.5383834256354786,2.3858329150892374,0.12157863225730468,0.09323686810656419,0.2720994374957291,0.07759660264825213,0.21506389657863176,0.22416513263411136
43.0,0.26904296464646466,0.21755900252525254,0.7449898585858586,0.166109839983165,0.5891025833333333,0.6488149915824916,2.6345600505050504,0.10365737616233107,0.08349383437679589,0.28228269087081054,0.06397794906833398,0.2216674071749594,0.24415041923260888
44.0,0.26904296464646466,0.21755900252525254,0.7449898585858586,0.166109839983165,0.5891025833333333,0.6488149915824916,2.6345600505050504,0.10365737616233107,0.08349383437679589,0.28228269087081054,0.06397794906833398,0.2216674071749594,0.24415041923260888
45.0,0.25908955239059966,0.21676121717990274,0.7292481568071313,0.15796142609400324,0.5611741094003241,0.6182990575364667,2.540965656401945,0.10355365124061096,0.08582430838895846,0.28661923758513647,0.06226663600875763,0.21903946716739123,0.24200625183827035
46.0,0.25908955239059966,0.21676121717990274,0.7292481568071313,0.15796142609400324,0.5611741094003241,0.6182990575364667,2.540965656401945,0.10355365124061096,0.08582430838895846,0.28661923758513647,0.06226663600875763,0.21903946716739123,0.24200625183827035
47.0,0.26236417486702124,0.194499796875,0.6130394924202128,0.17279096150265957,0.49126004521276595,0.5280282875664893,2.2531662267287236,0.1183448898776084,0.08833125499047507,0.2703292798703556,0.07592615193997344,0.21655852459016756,0.23345520052887414
48.0,0.26236417486702124,0.194499796875,0.6130394924202128,0.17279096150265957,0.49126004521276595,0.5280282875664893,2.2531662267287236,0.1183448898776084,0.08833125499047507,0.2703292798703556,0.07592615193997344,0.21655852459016756,0.23345520052887414
49.0,0.27888008417985016,0.2330938072439634,0.7025339581598669,0.1608065067027477,0.5370500102830974,0.574398981265612,2.482957481265612,0.11369463947465216,0.09471157311764232,0.28195797001336564,0.0650086715570173,0.21423124604784605,0.23034129126463274
50.0,0.27888008417985016,0.2330938072439634,0.7025339581598669,0.1608065067027477,0.5370500102830974,0.574398981265612,2.482957481265612,0.11369463947465216,0.09471157311764232,0.28195797001336564,0.0650086715570173,0.21423124604784605,0.23034129126463274
51.0,0.2982859383939039,0.2375273833528722,0.754799080890973,0.15706487555685814,0.6286796424384525,0.7035964196951934,2.771499120750293,0.109204467476455,0.08592686065329405,0.27207346640283075,0.05768922176018862,0.22486813676496759,0.2514768832658159
52.0,0.2982859383939039,0.2375273833528722,0.754799080890973,0.15706487555685814,0.6286796424384525,0.7035964196951934,2.771499120750293,0.109204467476455,0.08592686065329405,0.27207346640283075,0.05768922176018862,0.22486813676496759,0.2514768832658159
53.0,0.32974679713690785,0.25976697553357625,0.8982242087454451,0.18924280910983862,0.7400646251952108,0.7789360546590317,3.155208001041124,0.10742839923980727,0.08405745112070524,0.285053070964013,0.06084908262678073,0.2309891292794048,0.24296694704481325
54.0,0.32974679713690785,0.25976697553357625,0.8982242087454451,0.18924280910983862,0.7400646251952108,0.7789360546590317,3.155208001041124,0.10742839923980727,0.08405745112070524,0.285053070964013,0.06084908262678073,0.2309891292794048,0.24296694704481325
55.0,0.2961300890787065,0.2585719579011592,0.8847016418547895,0.1672030740695546,0.7216457446613789,0.762071120195241,3.077396162294082,0.09786023931410806,0.08527336873004746,0.2888153579076048,0.05453497192002502,0.2320613791252245,0.24446387769156075
56.0,0.2961300890787065,0.2585719579011592,0.8847016418547895,0.1672030740695546,0.7216457446613789,0.762071120195241,3.077396162294082,0.09786023931410806,0.08527336873004746,0.2888153579076048,0.05453497192002502,0.2320613791252245,0.24446387769156075
57.0,0.2837804696542894,0.24090280428937258,0.8378724859154929,0.15833625851472471,0.6679063783610756,0.7757586414852752,2.853474487836108,0.10470540952980283,0.08762417933159856,0.29385011782082693,0.058460262343087245,0.2266157289586122,0.2660493755524952
58.0,0.2837804696542894,0.24090280428937258,0.8378724859154929,0.15833625851472471,0.6679063783610756,0.7757586414852752,2.853474487836108,0.10470540952980283,0.08762417933159856,0.29385011782082693,0.058460262343087245,0.2266157289586122,0.2660493755524952
59.0,0.24597953053435115,0.20575091875681573,0.7352431810250818,0.14659652813522356,0.6008281930207198,0.6434864503816794,2.5632843511450383,0.09897251106901842,0.08240302686546513,0.2869218834813114,0.057604337109704924,0.23152514765605098,0.24655102613043536
60.0,0.24597953053435115,0.20575091875681573,0.7352431810250818,0.14659652813522356,0.6008281930207198,0.6434864503816794,2.5632843511450383,0.09897251106901842,0.08240302686546513,0.2869218834813114,0.057604337109704924,0.23152514765605098,0.24655102613043536
61.0,0.35299407216494844,0.2621493467666354,0.8707449418931583,0.17252121546391752,0.7925824704779757,0.7401669362699156,3.1710145829428305,0.11416213365079189,0.08487319767173385,0.2751813514799338,0.05542257264726933,0.24458609014732924,0.22972198719592718
62.0,0.35299407216494844,0.2621493467666354,0.8707449418931583,0.17252121546391752,0.7925824704779757,0.7401669362699156,3.1710145829428305,0.11416213365079189,0.08487319767173385,0.2751813514799338,0.05542257264726933,0.24458609014732924,0.22972198719592718
63.0,0.3211573811139565,0.25089753873239434,0.7987599007682459,0.17427780243277852,0.6440506603713189,0.6245760262483995,2.8156102432778485,0.11659502585792174,0.09099933881701952,0.285107118045492,0.06219860205084368,0.22440281878442847,0.21858988905586083
64.0,0.3211573811139565,0.25089753873239434,0.7987599007682459,0.17427780243277852,0.6440506603713189,0.6245760262483995,2.8156102432778485,0.11659502585792174,0.09099933881701952,0.285107118045492,0.06219860205084368,0.22440281878442847,0.21858988905586083
65.0,0.2816600676496097,0.22917488248048568,0.6912172072853425,0.20213880875975715,0.5073906418039895,0.5466275277536861,2.460498959236774,0.11657739594604219,0.09449239940788519,0.2819238497864101,0.08259372199570728,0.20325978248965182,0.21970281396793295
66.0,0.2816600676496097,0.22917488248048568,0.6912172072853425,0.20213880875975715,0.5073906418039895,0.5466275277536861,2.460498959236774,0.11657739594604219,0.09449239940788519,0.2819238497864101,0.08259372199570728,0.20325978248965182,0.21970281396793295
67.0,0.2476705223413762,0.21390663136729224,0.6868868364611259,0.15404191134941914,0.5623110464700625,0.5983233592493297,2.4502471224307416,0.10358417372698225,0.08880962430729301,0.2800168648841592,0.06408695727008458,0.22698416337575006,0.24121640685680357
68.0,0.2476705223413762,0.21390663136729224,0.6868868364611259,0.15404191134941914,0.5623110464700625,0.5983233592493297,2.4502471224307416,0.10358417372698225,0.08880962430729301,0.2800168648841592,0.06408695727008458,0.22698416337575006,0.24121640685680357
69.0,0.28604305503355704,0.267483777852349,0.8269050174496644,0.19014660845637585,0.5926858630872484,0.5597914718120806,2.709542838926174,0.10632592441146435,0.1007056519997627,0.30454097530392055,0.06915009009370021,0.21749244205614673,0.208165547003662
70.0,0.28604305503355704,0.267483777852349,0.8269050174496644,0.19014660845637585,0.5926858630872484,0.5597914718120806,2.709542838926174,0.10632592441146435,0.1007056519997627,0.30454097530392055,0.06915009009370021,0.21749244205614673,0.208165547003662
71.0,0.32347072749349526,0.26152024891587167,0.7932531032090199,0.24341821179531656,0.652239958369471,0.6403856704249783,2.9394080659150044,0.11396982274384715,0.09121538153551913,0.2716174546642407,0.0830175775375403,0.2166107445797613,0.21305430798098082
72.0,0.32347072749349526,0.26152024891587167,0.7932531032090199,0.24341821179531656,0.652239958369471,0.6403856704249783,2.9394080659150044,0.11396982274384715,0.09121538153551913,0.2716174546642407,0.0830175775375403,0.2166107445797613,0.21305430798098082
73.0,0.32673830410183874,0.2510642857142857,0.7790005318246109,0.21503289910419615,0.6879603936822253,0.6553170414898633,2.9227060961810465,0.11438362110411464,0.08743197261280418,0.2672120055677612,0.0743840346190569,0.23155518245186066,0.22144871306539557
74.0,0.32673830410183874,0.2510642857142857,0.7790005318246109,0.21503289910419615,0.6879603936822253,0.6553170414898633,2.9227060961810465,0.11438362110411464,0.08743197261280418,0.2672120055677612,0.0743840346190569,0.23155518245186066,0.22144871306539557
75.0,0.32901734285714285,0.2948791885714286,0.8600367632653062,0.2972311848979592,0.7578844865306122,0.7211699959183674,3.251525804081633,0.1028477860127239,0.09203686572550428,0.26483210037877586,0.0914337978540271,0.2302161030514003,0.2194553880911067
76.0,0.32901734285714285,0.2948791885714286,0.8600367632653062,0.2972311848979592,0.7578844865306122,0.7211699959183674,3.251525804081633,0.1028477860127239,0.09203686572550428,0.26483210037877586,0.0914337978540271,0.2302161030514003,0.2194553880911067
77.0,0.3398699331683169,0.3034637685643564,0.9332063366336634,0.2104258011138614,0.7058962128712871,0.6485099387376237,3.1625863490099007,0.10960025520126644,0.09677604819511966,0.29507522457606744,0.06643232655791649,0.22109318772384445,0.20394447446412065
78.0,0.3398699331683169,0.3034637685643564,0.9332063366336634,0.2104258011138614,0.7058962128712871,0.6485099387376237,3.1625863490099007,0.10960025520126644,0.09677604819511966,0.29507522457606744,0.06643232655791649,0.22109318772384445,0.20394447446412065
79.0,0.3414044916129032,0.2914181106699752,0.9078148669975187,0.26016054183622833,0.7362748168734491,0.6898852585607941,3.2105662034739453,0.10963629318715491,0.09272765006773122,0.2838803821499033,0.08208655381260435,0.2242407683117625,0.21069557775128292
80.0,0.3414044916129032,0.2914181106699752,0.9078148669975187,0.26016054183622833,0.7362748168734491,0.6898852585607941,3.2105662034739453,0.10963629318715491,0.09272765006773122,0.2838803821499033,0.08208655381260435,0.2242407683117625,0.21069557775128292
81.0,0.3019988543202033,0.2817866581956798,0.8016209517153748,0.2579221956797967,0.6647603468869123,0.696932668360864,3.0192665692503176,0.10101097870111728,0.09366905934575451,0.2668213352344557,0.08546017792568746,0.21818631191619475,0.22891829719716225
82.0,0.3019988543202033,0.2817866581956798,0.8016209517153748,0.2579221956797967,0.6647603468869123,0.696932668360864,3.0192665692503176,0.10101097870111728,0.09366905934575451,0.2668213352344557,0.08546017792568746,0.21818631191619475,0.22891829719716225
83.0,0.26963878833181404,0.2576351544211486,0.7478528988149499,0.21407964615314495,0.7165176210574293,0.6945917539653601,2.852021786690975,0.0984938651869138,0.09393331522192835,0.26112981984171124,0.07640385584225065,0.24514868513475446,0.24217689732201683
84.0,0.26963878833181404,0.2576351544211486,0.7478528988149499,0.21407964615314495,0.7165176210574293,0.6945917539653601,2.852021786690975,0.0984938651869138,0.09393331522192835,0.26112981984171124,0.07640385584225065,0.24514868513475446,0.24217689732201683
85.0,0.29627106639928696,0.2882683395721925,0.8452468199643494,0.36607416399286985,0.6408807005347593,0.5896937379679145,3.0338654367201423,0.09896117833407163,0.09618417782934709,0.27983895794621544,0.12050727343588555,0.20892228585360403,0.1927112092390601
86.0,0.29627106639928696,0.2882683395721925,0.8452468199643494,0.36607416399286985,0.6408807005347593,0.5896937379679145,3.0338654367201423,0.09896117833407163,0.09618417782934709,0.27983895794621544,0.12050727343588555,0.20892228585360403,0.1927112092390601
87.0,0.34006141428571424,0.2838265849339736,0.8580181458583434,0.2514722400960384,0.7085210896158464,0.7124174108643457,3.1687948349339736,0.10827945375389456,0.09045193692501949,0.2718045104745513,0.07962939258927758,0.22183977062983806,0.2233046540217836
88.0,0.34006141428571424,0.2838265849339736,0.8580181458583434,0.2514722400960384,0.7085210896158464,0.7124174108643457,3.1687948349339736,0.10827945375389456,0.09045193692501949,0.2718045104745513,0.07962939258927758,0.22183977062983806,0.2233046540217836
89.0,0.2880662505694761,0.2450783451025057,0.7318435056947608,0.20821643166287018,0.5364251890660592,0.5567559407744875,2.571783075170843,0.11418688233334494,0.0961518132331227,0.2850342409513819,0.08055140635496488,0.20590490634926992,0.2145121524584254
90.0,0.2880662505694761,0.2450783451025057,0.7318435056947608,0.20821643166287018,0.5364251890660592,0.5567559407744875,2.571783075170843,0.11418688233334494,0.0961518132331227,0.2850342409513819,0.08055140635496488,0.20590490634926992,0.2145121524584254
91.0,0.30450330323679725,0.2606481209540034,0.810484674616695,0.2826002393526405,0.6242320221465076,0.6306449454855195,2.9136303407155024,0.10492470156770756,0.08951264375393644,0.2778826310303185,0.09722432656701363,0.21382913234887618,0.21592633700323535
92.0,0.30450330323679725,0.2606481209540034,0.810484674616695,0.2826002393526405,0.6242320221465076,0.6306449454855195,2.9136303407155024,0.10492470156770756,0.08951264375393644,0.2778826310303185,0.09722432656701363,0.21382913234887618,0.21592633700323535
93.0,0.3282492650793651,0.26147010634920637,0.7883571634920634,0.21949650412698415,0.6462626793650794,0.6156775142857143,2.871383111111111,0.11619153035831549,0.0916058114129143,0.2749178604965774,0.0756807864842477,0.22214456255965143,0.21352600877672068
94.0,0.3282492650793651,0.26147010634920637,0.7883571634920634,0.21949650412698415,0.6462626793650794,0.6156775142857143,2.871383111111111,0.11619153035831549,0.0916058114129143,0.2749178604965774,0.0756807864842477,0.22214456255965143,0.21352600877672068
95.0,0.27997956060747664,0.2384858219626168,0.6959034570093459,0.20507353933021805,0.6503271766199377,0.687197906152648,2.7194152943925234,0.10552899731867138,0.08937402152112518,0.2499022065193351,0.07781145458649483,0.2304310453050659,0.2612455164997284
96.0,0.27997956060747664,0.2384858219626168,0.6959034570093459,0.20507353933021805,0.6503271766199377,0.687197906152648,2.7194152943925234,0.10552899731867138,0.08937402152112518,0.2499022065193351,0.07781145458649483,0.2304310453050659,0.2612455164997284
97.0,0.3016537090203686,0.27358624248302615,0.8260942483026188,0.2875678462657614,0.577884527643065,0.5913527672162948,2.861508583899127,0.10681982650000815,0.09645701009918636,0.2896962836439975,0.09951380959116028,0.200233774683597,0.20536157819324563
98.0,0.3016537090203686,0.27358624248302615,0.8260942483026188,0.2875678462657614,0.577884527643065,0.5913527672162948,2.861508583899127,0.10681982650000815,0.09645701009918636,0.2896962836439975,0.09951380959116028,0.200233774683597,0.20536157819324563
99.0,0.3299815401459854,0.28479339051094893,0.8428900973236009,0.26005894403892943,0.6139202226277373,0.6311486909975669,2.9671820559610707,0.11346371320813296,0.09708534139942857,0.2852645451267699,0.08837179026412686,0.20315754287469026,0.20969835859108651
100.0,0.3299815401459854,0.28479339051094893,0.8428900973236009,0.26005894403892943,0.6139202226277373,0.6311486909975669,2.9671820559610707,0.11346371320813296,0.09708534139942857,0.2852645451267699,0.08837179026412686,0.20315754287469026,0.20969835859108651
101.0,0.27357047423076924,0.23451825509615384,0.70933881875,0.21545700154807693,0.6040140649038462,0.6108796706730769,2.6520369134615387,0.10589511301342024,0.08995108111937067,0.2661836941178803,0.08205607509712053,0.22465632419145018,0.22931915535168956
102.0,0.27357047423076924,0.23451825509615384,0.70933881875,0.21545700154807693,0.6040140649038462,0.6108796706730769,2.6520369134615387,0.10589511301342024,0.08995108111937067,0.2661836941178803,0.08205607509712053,0.22465632419145018,0.22931915535168956
103.0,0.31193516315483116,0.25567451367869615,0.8208604953434226,0.22953639220023284,0.6130520733410942,0.6125417229336438,2.8433839580908034,0.11077860697454572,0.09057983327535891,0.28841607404600317,0.08016151072652188,0.21489005532068187,0.21459918594489932
104.0,0.31193516315483116,0.25567451367869615,0.8208604953434226,0.22953639220023284,0.6130520733410942,0.6125417229336438,2.8433839580908034,0.11077860697454572,0.09057983327535891,0.28841607404600317,0.08016151072652188,0.21489005532068187,0.21459918594489932
105.0,0.27005959241935484,0.2556193849462366,0.7348908838709678,0.2799809546236559,0.5827148188172043,0.5666645736559139,2.7120525913978493,0.10152086054676092,0.09480171633743388,0.2723617367306206,0.10241313160958118,0.21248663334220375,0.20750127333763196
106.0,0.27005959241935484,0.2556193849462366,0.7348908838709678,0.2799809546236559,0.5827148188172043,0.5666645736559139,2.7120525913978493,0.10152086054676092,0.09480171633743388,0.2723617367306206,0.10241313160958118,0.21248663334220375,0.20750127333763196
107.0,0.309262284978355,0.26692922116883117,0.7882162203463203,0.2593713394805195,0.5826791194805194,0.5705117874458875,2.7808371948051946,0.11306338581943849,0.09727656188785701,0.2848550112093904,0.09357730187353747,0.2062886137158143,0.2029657765877105
108.0,0.309262284978355,0.26692922116883117,0.7882162203463203,0.2593713394805195,0.5826791194805194,0.5705117874458875,2.7808371948051946,0.11306338581943849,0.09727656188785701,0.2848550112093904,0.09357730187353747,0.2062886137158143,0.2029657765877105
109.0,0.2527540804597701,0.27313533333333334,0.9094623563218391,0.18350908908045976,0.6500945,0.585058316091954,2.8206375287356322,0.08919035859132238,0.0981238852981144,0.32219280032378345,0.06442438162893,0.22922320828042625,0.20680060262664227
110.0,0.2527540804597701,0.27313533333333334,0.9094623563218391,0.18350908908045976,0.6500945,0.585058316091954,2.8206375287356322,0.08919035859132238,0.0981238852981144,0.32219280032378345,0.06442438162893,0.22922320828042625,0.20680060262664227
111.0,0.3328295527638191,0.23623270854271355,0.8812515577889447,0.17618922412060303,0.6156704321608041,0.6258416381909547,2.8599599999999996,0.11875306208752022,0.08496124054721849,0.30658758877366193,0.062310366503589204,0.2109721075784686,0.21770877579441564
112.0,0.3328295527638191,0.23623270854271355,0.8812515577889447,0.17618922412060303,0.6156704321608041,0.6258416381909547,2.8599599999999996,0.11875306208752022,0.08496124054721849,0.30658758877366193,0.062310366503589204,0.2109721075784686,0.21770877579441564
113.0,0.3497118442211055,0.3132446708542714,0.7525260552763819,0.2011114824120603,0.46755819346733674,0.4521129422110553,2.5601240703517587,0.13870524076290378,0.12342904939629315,0.29299612909912554,0.07916536483257776,0.18057227985192645,0.17549401268875894
114.0,0.3497118442211055,0.3132446708542714,0.7525260552763819,0.2011114824120603,0.46755819346733674,0.4521129422110553,2.5601240703517587,0.13870524076290378,0.12342904939629315,0.29299612909912554,0.07916536483257776,0.18057227985192645,0.17549401268875894
115.0,0.28575154347826087,0.24279735326086954,0.8097623152173913,0.1825296581521739,0.6575425760869565,0.6544882173913044,2.8206490217391305,0.10141259783045302,0.0853609532092023,0.28446498428689776,0.06393300291605977,0.2302327197416845,0.23449888203486627
116.0,0.28575154347826087,0.24279735326086954,0.8097623152173913,0.1825296581521739,0.6575425760869565,0.6544882173913044,2.8206490217391305,0.10141259783045302,0.0853609532092023,0.28446498428689776,0.06393300291605977,0.2302327197416845,0.23449888203486627
117.0,0.22272410869565218,0.2718023695652174,0.8669027173913043,0.1916241086956522,0.6566812391304347,0.5111864565217391,2.715140434782609,0.08175064823790308,0.10052863333617361,0.3200334213145444,0.07019487302431658,0.24072714528350508,0.18819257906470033
118.0,0.22272410869565218,0.2718023695652174,0.8669027173913043,0.1916241086956522,0.6566812391304347,0.5111864565217391,2.715140434782609,0.08175064823790308,0.10052863333617361,0.3200334213145444,0.07019487302431658,0.24072714528350508,0.18819257906470033
119.0,0.32458321301775145,0.2466332278106509,0.739424177514793,0.18867204881656804,0.45344851183431956,0.44443437869822483,2.427811597633136,0.1352667340281212,0.10124252384164086,0.30476932322419564,0.07700229940749695,0.1868429311585895,0.1820573956780806
120.0,0.32458321301775145,0.2466332278106509,0.739424177514793,0.18867204881656804,0.45344851183431956,0.44443437869822483,2.427811597633136,0.1352667340281212,0.10124252384164086,0.30476932322419564,0.07700229940749695,0.1868429311585895,0.1820573956780806
121.0,0.3338692384574468,0.27064238191489365,0.8506555436170213,0.258386000212766,0.6407331542553192,0.6276840170212765,3.000897180851064,0.11394474334279878,0.09211572773665065,0.28564974331559284,0.08574853618818294,0.20879234726049736,0.20509430093358666
122.0,0.3338692384574468,0.27064238191489365,0.8506555436170213,0.258386000212766,0.6407331542553192,0.6276840170212765,3.000897180851064,0.11394474334279878,0.09211572773665065,0.28564974331559284,0.08574853618818294,0.20879234726049736,0.20509430093358666
123.0,0.3238056228024369,0.2779431444734552,0.8494203159268929,0.2708726390774587,0.6823072497824195,0.6605518946910356,3.0572148215839863,0.10782735772816443,0.09175544648834916,0.2797048296135593,0.08893773782791253,0.219836204628794,0.21263316392788792
124.0,0.3238056228024369,0.2779431444734552,0.8494203159268929,0.2708726390774587,0.6823072497824195,0.6605518946910356,3.0572148215839863,0.10782735772816443,0.09175544648834916,0.2797048296135593,0.08893773782791253,0.219836204628794,0.21263316392788792
125.0,0.25910216290018834,0.27393890395480225,0.7463011676082862,0.2587411807909605,0.5478699152542373,0.5582305687382297,2.645834218455744,0.0990796781193965,0.10409976111702553,0.28228199118470243,0.0978952979583648,0.2057438092678299,0.20935152099891677
126.0,0.25910216290018834,0.27393890395480225,0.7463011676082862,0.2587411807909605,0.5478699152542373,0.5582305687382297,2.645834218455744,0.0990796781193965,0.10409976111702553,0.28228199118470243,0.0978952979583648,0.2057438092678299,0.20935152099891677
127.0,0.3032099339045288,0.27236529375764995,0.7416409632802937,0.22777793329253365,0.508273305997552,0.5117806279069768,2.571104651162791,0.12020288841640758,0.1077695186175587,0.2875571053573757,0.08820898239404426,0.1961399013642901,0.19706963794414886
128.0,0.3032099339045288,0.27236529375764995,0.7416409632802937,0.22777793329253365,0.508273305997552,0.5117806279069768,2.571104651162791,0.12020288841640758,0.1077695186175587,0.2875571053573757,0.08820898239404426,0.1961399013642901,0.19706963794414886
129.0,0.29920276687116565,0.2615028064076346,0.8146452072256305,0.2251520108384458,0.5811104846625768,0.6043831322426721,2.7763844239945468,0.10940694586849192,0.09540506448915398,0.2940275532919079,0.08052691824217552,0.20751986731980823,0.21569225086690755
130.0,0.29920276687116565,0.2615028064076346,0.8146452072256305,0.2251520108384458,0.5811104846625768,0.6043831322426721,2.7763844239945468,0.10940694586849192,0.09540506448915398,0.2940275532919079,0.08052691824217552,0.20751986731980823,0.21569225086690755
131.0,0.2797610367985281,0.24214305151793927,0.7310845694572218,0.20564206826126954,0.5215233100275989,0.5306252796688132,2.5303792364305426,0.11184311815236826,0.0963174184112312,0.2889502499546179,0.08081981919631104,0.20455268234932852,0.20864451562770692
132.0,0.2797610367985281,0.24214305151793927,0.7310845694572218,0.20564206826126954,0.5215233100275989,0.5306252796688132,2.5303792364305426,0.11184311815236826,0.0963174184112312,0.2889502499546179,0.08081981919631104,0.20455268234932852,0.20864451562770692
133.0,0.26751536984126983,0.23597753555555556,0.7305697746031745,0.21043663862433865,0.5210988243386243,0.546554308994709,2.5257706031746032,0.10772313249864052,0.0940725002704794,0.2898035673172617,0.08314279812674637,0.20474049335752656,0.21349620604876476
134.0,0.26751536984126983,0.23597753555555556,0.7305697746031745,0.21043663862433865,0.5210988243386243,0.546554308994709,2.5257706031746032,0.10772313249864052,0.0940725002704794,0.2898035673172617,0.08314279812674637,0.20474049335752656,0.21349620604876476
135.0,0.27104624310344827,0.2336777478448276,0.7594607702586207,0.22742907392241382,0.5518570896551724,0.5617864547413793,2.6187754827586205,0.10467769933840877,0.08958504471744663,0.2904424513129733,0.08685492076672963,0.2092847465685908,0.21314634217259457
136.0,0.27104624310344827,0.2336777478448276,0.7594607702586207,0.22742907392241382,0.5518570896551724,0.5617864547413793,2.6187754827586205,0.10467769933840877,0.08958504471744663,0.2904424513129733,0.08685492076672963,0.2092847465685908,0.21314634217259457
137.0,0.29090567192784667,0.26726573393461106,0.7989590124013529,0.2564533280157835,0.5944164199549041,0.5962295242390079,2.820697762119504,0.10394734353302437,0.09515957381378917,0.2841087163900059,0.0910606121028012,0.20949197566769187,0.20981868398364428
138.0,0.29090567192784667,0.26726573393461106,0.7989590124013529,0.2564533280157835,0.5944164199549041,0.5962295242390079,2.820697762119504,0.10394734353302437,0.09515957381378917,0.2841087163900059,0.0910606121028012,0.20949197566769187,0.20981868398364428
139.0,0.3003544072711719,0.2482620449101796,0.7668654088964927,0.22283855312232678,0.5775139294268605,0.5942308875106929,2.726147262617622,0.11195634523209776,0.09236634773314878,0.28309223968889596,0.0815427084730913,0.20916067453088946,0.2152262210874408
140.0,0.3003544072711719,0.2482620449101796,0.7668654088964927,0.22283855312232678,0.5775139294268605,0.5942308875106929,2.726147262617622,0.11195634523209776,0.09236634773314878,0.28309223968889596,0.0815427084730913,0.20916067453088946,0.2152262210874408
141.0,0.3241722229975728,0.2678503616504854,0.844118645631068,0.2556009132281553,0.6101852117718447,0.6106259599514563,2.92268739684466,0.11194324085566683,0.09234677732074845,0.2897129622960183,0.08800800171106177,0.20679891034069864,0.2067212863685993
142.0,0.3241722229975728,0.2678503616504854,0.844118645631068,0.2556009132281553,0.6101852117718447,0.6106259599514563,2.92268739684466,0.11194324085566683,0.09234677732074845,0.2897129622960183,0.08800800171106177,0.20679891034069864,0.2067212863685993
143.0,0.3044739903131828,0.2747786908230153,0.8281837290604516,0.2587354835396941,0.6094703381888809,0.6226327984947803,2.90161991502792,0.10621016147003788,0.09541607144315528,0.28633564758836744,0.08948697423420403,0.20780768394692126,0.21230932874004313
144.0,0.3044739903131828,0.2747786908230153,0.8281837290604516,0.2587354835396941,0.6094703381888809,0.6226327984947803,2.90161991502792,0.10621016147003788,0.09541607144315528,0.28633564758836744,0.08948697423420403,0.20780768394692126,0.21230932874004313
145.0,0.33763838034790783,0.2671409755524212,0.8157905956746591,0.22505683794076164,0.6472058683591914,0.6400251344616831,2.9352634696755997,0.11769306760103614,0.09238576468439255,0.27838853677250325,0.07643105339015846,0.21676086312446627,0.21482313632484198
146.0,0.33763838034790783,0.2671409755524212,0.8157905956746591,0.22505683794076164,0.6472058683591914,0.6400251344616831,2.9352634696755997,0.11769306760103614,0.09238576468439255,0.27838853677250325,0.07643105339015846,0.21676086312446627,0.21482313632484198
147.0,0.2486461197368421,0.2580144565789474,0.7819977684210526,0.28703220526315787,0.5579856592105263,0.5238123710526316,2.6628092763157896,0.09473462900298066,0.09813097347488854,0.2942271766287986,0.1069932211973825,0.20725786634172627,0.19570617142044724
148.0,0.2486461197368421,0.2580144565789474,0.7819977684210526,0.28703220526315787,0.5579856592105263,0.5238123710526316,2.6628092763157896,0.09473462900298066,0.09813097347488854,0.2942271766287986,0.1069932211973825,0.20725786634172627,0.19570617142044724
149.0,0.27954015062050946,0.23300139320705418,0.7363987922926192,0.19961301704768128,0.5239333925538864,0.5371732429784455,2.528223514043109,0.11254613809999625,0.09321197715705747,0.2923016221957509,0.0782473921365048,0.20510159623145968,0.21021014057723733
150.0,0.27954015062050946,0.23300139320705418,0.7363987922926192,0.19961301704768128,0.5239333925538864,0.5371732429784455,2.528223514043109,0.11254613809999625,0.09321197715705747,0.2923016221957509,0.0782473921365048,0.20510159623145968,0.21021014057723733
151.0,0.293995887254902,0.25361338398692806,0.7774702741013072,0.2187609707107843,0.5577317741013073,0.5630851405228758,2.6473834558823532,0.11376012011943032,0.09802977486076656,0.2945681072896654,0.08393588190728016,0.206932849905867,0.20738801519497646
152.0,0.293995887254902,0.25361338398692806,0.7774702741013072,0.2187609707107843,0.5577317741013073,0.5630851405228758,2.6473834558823532,0.11376012011943032,0.09802977486076656,0.2945681072896654,0.08393588190728016,0.206932849905867,0.20738801519497646
153.0,0.25760135138387485,0.22717025902527074,0.7339777894103491,0.19652529584837544,0.5260813634175692,0.533942123345367,2.4740846630565585,0.10642708278571074,0.09361273596106416,0.29734812130460253,0.07905118229542309,0.21006297694199325,0.21276499979735858
154.0,0.25760135138387485,0.22717025902527074,0.7339777894103491,0.19652529584837544,0.5260813634175692,0.533942123345367,2.4740846630565585,0.10642708278571074,0.09361273596106416,0.29734812130460253,0.07905118229542309,0.21006297694199325,0.21276499979735858
155.0,0.27692472351738245,0.22546826229038855,0.6554828380368098,0.21710680948875258,0.4809411713701432,0.5356219787321064,2.3871088139059307,0.11960850252032389,0.09584848760587321,0.2769937517277909,0.09258511213843006,0.19632901560489194,0.21939254053836615
156.0,0.27692472351738245,0.22546826229038855,0.6554828380368098,0.21710680948875258,0.4809411713701432,0.5356219787321064,2.3871088139059307,0.11960850252032389,0.09584848760587321,0.2769937517277909,0.09258511213843006,0.19632901560489194,0.21939254053836615
157.0,0.32178673506676037,0.25930763527758255,0.7519074497540408,0.22979285474349964,0.6522856289529164,0.6643193541813072,2.881033373155306,0.11386452850060813,0.09125997638406662,0.2611289605052338,0.07979328794432726,0.22292535344800962,0.22832008053420322
158.0,0.32178673506676037,0.25930763527758255,0.7519074497540408,0.22979285474349964,0.6522856289529164,0.6643193541813072,2.881033373155306,0.11386452850060813,0.09125997638406662,0.2611289605052338,0.07979328794432726,0.22292535344800962,0.22832008053420322
159.0,0.29078377331420374,0.2511120377809661,0.7701189421329507,0.22875973189861312,0.6149791994261119,0.6400372295552368,2.801080980392157,0.1061640022024423,0.09104934079459467,0.27640155320573107,0.08164462300708059,0.21646056356532145,0.22540788472231557
160.0,0.29078377331420374,0.2511120377809661,0.7701189421329507,0.22875973189861312,0.6149791994261119,0.6400372295552368,2.801080980392157,0.1061640022024423,0.09104934079459467,0.27640155320573107,0.08164462300708059,0.21646056356532145,0.22540788472231557
161.0,0.26866798668885195,0.226676320854132,0.6423117226844149,0.20078231259012755,0.48595072545757073,0.5212565851358846,2.3593164281752634,0.11655036773562157,0.097445425256871,0.27545867083403436,0.08591582182305858,0.20191789315607803,0.21687298358147566
162.0,0.26866798668885195,0.226676320854132,0.6423117226844149,0.20078231259012755,0.48595072545757073,0.5212565851358846,2.3593164281752634,0.11655036773562157,0.097445425256871,0.27545867083403436,0.08591582182305858,0.20191789315607803,0.21687298358147566
163.0,0.3501491260273973,0.25492938904109586,0.7723320730593607,0.16672755534246575,0.6456881844748859,0.6484969214611873,2.8691207579908675,0.12665568731416318,0.09187891646828028,0.2696172830450282,0.05821748349351869,0.21970638222767258,0.2206532933938271
164.0,0.3501491260273973,0.25492938904109586,0.7723320730593607,0.16672755534246575,0.6456881844748859,0.6484969214611873,2.8691207579908675,0.12665568731416318,0.09187891646828028,0.2696172830450282,0.05821748349351869,0.21970638222767258,0.2206532933938271
165.0,0.30452430278884457,0.27125140836653383,0.9320032641434263,0.1859287029880478,0.6479204762948207,0.645106614940239,3.001290358565737,0.10706030581902201,0.09679410451344521,0.30669043490875036,0.06343645953012794,0.2040636711222434,0.20902689013856415
166.0,0.30452430278884457,0.27125140836653383,0.9320032641434263,0.1859287029880478,0.6479204762948207,0.645106614940239,3.001290358565737,0.10706030581902201,0.09679410451344521,0.30669043490875036,0.06343645953012794,0.2040636711222434,0.20902689013856415
167.0,0.3201386213292117,0.26008204636785165,0.824155259659969,0.1682091173106646,0.6674648531684698,0.6504319907264297,2.9015900927357032,0.11402432600279173,0.09112805536023415,0.283108753845949,0.05820031748668919,0.22499921948270188,0.2210308479861248
168.0,0.3201386213292117,0.26008204636785165,0.824155259659969,0.1682091173106646,0.6674648531684698,0.6504319907264297,2.9015900927357032,0.11402432600279173,0.09112805536023415,0.283108753845949,0.05820031748668919,0.22499921948270188,0.2210308479861248
169.0,0.3576862614767255,0.26411851284109145,0.7604218780096309,0.19623453707865168,0.5427278635634029,0.5493011629213483,2.7272140449438202,0.13403130695537452,0.09801176100832118,0.2774027272303633,0.07172572363460175,0.19575703290126578,0.19854674085683321
170.0,0.3576862614767255,0.26411851284109145,0.7604218780096309,0.19623453707865168,0.5427278635634029,0.5493011629213483,2.7272140449438202,0.13403130695537452,0.09801176100832118,0.2774027272303633,0.07172572363460175,0.19575703290126578,0.19854674085683321
171.0,0.3488207260273973,0.2505737471980075,0.7555443611457037,0.16491669389788294,0.6231417085927771,0.6512249165628893,2.8512203611457037,0.1260131831394819,0.08993206188428837,0.26416511198146986,0.05874560217803348,0.21398084730475977,0.22493562723727453
172.0,0.3488207260273973,0.2505737471980075,0.7555443611457037,0.16491669389788294,0.6231417085927771,0.6512249165628893,2.8512203611457037,0.1260131831394819,0.08993206188428837,0.26416511198146986,0.05874560217803348,0.21398084730475977,0.22493562723727453
173.0,0.3509299155555555,0.26524686755555554,0.7842936071111111,0.16302559760000002,0.6296041133333333,0.6815255773333334,2.8915131733333332,0.12469964926431024,0.09420991676963175,0.27298862330525375,0.057595130795077935,0.2122201644443204,0.230534657890392
174.0,0.3509299155555555,0.26524686755555554,0.7842936071111111,0.16302559760000002,0.6296041133333333,0.6815255773333334,2.8915131733333332,0.12469964926431024,0.09420991676963175,0.27298862330525375,0.057595130795077935,0.2122201644443204,0.230534657890392
175.0,0.2580411516332982,0.21905690305584824,0.7540803572181243,0.1534093082191781,0.6125481749209695,0.6305070368809274,2.6347890516332986,0.1000414633193244,0.08455377209005076,0.28591106479917194,0.05912354462432311,0.22992528073000698,0.2367563749715439
176.0,0.2580411516332982,0.21905690305584824,0.7540803572181243,0.1534093082191781,0.6125481749209695,0.6305070368809274,2.6347890516332986,0.1000414633193244,0.08455377209005076,0.28591106479917194,0.05912354462432311,0.22992528073000698,0.2367563749715439
177.0,0.25532070713024285,0.19900221750993377,0.49980497429801324,0.10822589977112583,0.3878687144205298,0.49744045258278147,1.6635519280463578,0.16363008627578793,0.12557538704277477,0.25741441179456126,0.05754451183593245,0.203321532943621,0.3473652620993395
178.0,0.25532070713024285,0.19900221750993377,0.49980497429801324,0.10822589977112583,0.3878687144205298,0.49744045258278147,1.6635519280463578,0.16363008627578793,0.12557538704277477,0.25741441179456126,0.05754451183593245,0.203321532943621,0.3473652620993395
179.0,0.3009570412844037,0.23971121597859324,0.6797253845565748,0.1285176599388379,0.5793760873853211,0.6258762813455657,2.543000749235474,0.12077464265443445,0.09620254163195137,0.26718411143766857,0.050969932118099574,0.22320903473693637,0.2453189908431385
180.0,0.3009570412844037,0.23971121597859324,0.6797253845565748,0.1285176599388379,0.5793760873853211,0.6258762813455657,2.543000749235474,0.12077464265443445,0.09620254163195137,0.26718411143766857,0.050969932118099574,0.22320903473693637,0.2453189908431385
181.0,0.2576121682419035,0.1903203825776603,0.5687454115350298,0.12929700462656973,0.45015254728023796,0.5211921795571711,2.0189827425644413,0.1410858939018341,0.10843797951636114,0.25408589292386463,0.0608123341528314,0.20278020524874707,0.2827754523241976
182.0,0.2576121682419035,0.1903203825776603,0.5687454115350298,0.12929700462656973,0.45015254728023796,0.5211921795571711,2.0189827425644413,0.1410858939018341,0.10843797951636114,0.25408589292386463,0.0608123341528314,0.20278020524874707,0.2827754523241976
183.0,0.30512037007874016,0.23311337992125986,0.7032515541338582,0.1387282379429134,0.5861143818897637,0.6325629783464567,2.5837609842519687,0.12044935345314013,0.09232976550808196,0.2725521833716774,0.05327082157838461,0.22397262336898396,0.24244662777936254
184.0,0.30512037007874016,0.23311337992125986,0.7032515541338582,0.1387282379429134,0.5861143818897637,0.6325629783464567,2.5837609842519687,0.12044935345314013,0.09232976550808196,0.2725521833716774,0.05327082157838461,0.22397262336898396,0.24244662777936254
185.0,0.2768682313137373,0.2260901799640072,0.6702189640071985,0.1666861371325735,0.4819112783443311,0.5180060155968806,2.3477292921415716,0.11997134329272569,0.09777201590375162,0.28714515787002104,0.07126703209082548,0.20327382126054633,0.21653308068436533
186.0,0.2768682313137373,0.2260901799640072,0.6702189640071985,0.1666861371325735,0.4819112783443311,0.5180060155968806,2.3477292921415716,0.11997134329272569,0.09777201590375162,0.28714515787002104,0.07126703209082548,0.20327382126054633,0.21653308068436533
187.0,0.31259260346124906,0.2641034018058691,0.7074845771256584,0.17169174462001505,0.5572696538750941,0.6016132787810384,2.549743829947329,0.12478429721932163,0.10434138555979391,0.2786921243695799,0.06696935768062523,0.21710916463773158,0.23645753514994142
188.0,0.31259260346124906,0.2641034018058691,0.7074845771256584,0.17169174462001505,0.5572696538750941,0.6016132787810384,2.549743829947329,0.12478429721932163,0.10434138555979391,0.2786921243695799,0.06696935768062523,0.21710916463773158,0.23645753514994142
189.0,0.24255115413851353,0.21980177449324323,0.615354597972973,0.25516733319256757,0.40476250084459464,0.3871518310810811,2.1421855236486484,0.11479499857482138,0.10253575831323987,0.2872746866423445,0.1205119488937017,0.1870303502503225,0.17994027373909707
190.0,0.24255115413851353,0.21980177449324323,0.615354597972973,0.25516733319256757,0.40476250084459464,0.3871518310810811,2.1421855236486484,0.11479499857482138,0.10253575831323987,0.2872746866423445,0.1205119488937017,0.1870303502503225,0.17994027373909707
191.0,0.24390150466200464,0.1936395363247863,0.5604930439005439,0.3782831116938617,0.3448653815073815,0.38374581701631705,2.1091098135198134,0.11728127559360475,0.09310977685553927,0.2676615417856619,0.17580220785262687,0.16241136351534444,0.1802779546223072
192.0,0.24390150466200464,0.1936395363247863,0.5604930439005439,0.3782831116938617,0.3448653815073815,0.38374581701631705,2.1091098135198134,0.11728127559360475,0.09310977685553927,0.2676615417856619,0.17580220785262687,0.16241136351534444,0.1802779546223072
193.0,0.2537559504946997,0.16985933803003533,0.5228429271201414,0.4737480300795053,0.32804054019434625,0.4075528648409894,2.162101294169611,0.11860496205976107,0.07977266481682116,0.243549283120769,0.21316013444942544,0.15261050030841905,0.1885056029188364
194.0,0.2537559504946997,0.16985933803003533,0.5228429271201414,0.4737480300795053,0.32804054019434625,0.4075528648409894,2.162101294169611,0.11860496205976107,0.07977266481682116,0.243549283120769,0.21316013444942544,0.15261050030841905,0.1885056029188364
195.0,0.26104490646420825,0.23131841404555314,0.641974295010846,0.26736077386117135,0.465747613340564,0.4717887895878525,2.357523953362256,0.1121811904776682,0.09904428979975956,0.27254263354368297,0.11459437898672276,0.19557036382176277,0.19808497889942364
196.0,0.26104490646420825,0.23131841404555314,0.641974295010846,0.26736077386117135,0.465747613340564,0.4717887895878525,2.357523953362256,0.1121811904776682,0.09904428979975956,0.27254263354368297,0.11459437898672276,0.19557036382176277,0.19808497889942364
197.0,0.26974717835281026,0.19587380050083475,0.5777338750695604,0.33739482832498613,0.40766064329437957,0.4412313989983306,2.2351933945464664,0.12238491289841226,0.08801123336282096,0.2572945745225493,0.15511278173197826,0.1787721283653837,0.19422415287180012
198.0,0.26974717835281026,0.19587380050083475,0.5777338750695604,0.33739482832498613,0.40766064329437957,0.4412313989983306,2.2351933945464664,0.12238491289841226,0.08801123336282096,0.2572945745225493,0.15511278173197826,0.1787721283653837,0.19422415287180012
199.0,0.2859851681768757,0.2545725480246466,0.7156798858281986,0.2336471328379848,0.5066003185936934,0.4971817915911562,2.51560628851033,0.11600028474393899,0.10264756482115239,0.2860566112070283,0.0933094904919644,0.19787406900483784,0.1946075773323837
200.0,0.2859851681768757,0.2545725480246466,0.7156798858281986,0.2336471328379848,0.5066003185936934,0.4971817915911562,2.51560628851033,0.11600028474393899,0.10264756482115239,0.2860566112070283,0.0933094904919644,0.19787406900483784,0.1946075773323837
201.0,0.2973494585605234,0.25968804143947655,0.7584940796074156,0.2502270667938931,0.5574340207197382,0.553905707742639,2.688065348964013,0.112418672699476,0.09786139358240335,0.2834237498810902,0.0937746434886496,0.20414664971857077,0.20332466888475664
202.0,0.2973494585605234,0.25968804143947655,0.7584940796074156,0.2502270667938931,0.5574340207197382,0.553905707742639,2.688065348964013,0.112418672699476,0.09786139358240335,0.2834237498810902,0.0937746434886496,0.20414664971857077,0.20332466888475664
203.0,0.25312046501650165,0.20036233448844884,0.6081992726072608,0.232271841359736,0.38269269669966993,0.4556403702970297,2.134164775577558,0.1202248103091125,0.09545196642610977,0.28594798374794783,0.10746354222088299,0.17650034994230346,0.21230707971003293
204.0,0.25312046501650165,0.20036233448844884,0.6081992726072608,0.232271841359736,0.38269269669966993,0.4556403702970297,2.134164775577558,0.1202248103091125,0.09545196642610977,0.28594798374794783,0.10746354222088299,0.17650034994230346,0.21230707971003293
205.0,0.25408490392317123,0.2264680414793625,0.6726907323252963,0.22399428017981204,0.46871441397629754,0.4749930286064569,2.3247233633020024,0.11082632280392563,0.09807973695136725,0.29012252033491426,0.09783813840541401,0.199068290898652,0.2019465593185212
206.0,0.25408490392317123,0.2264680414793625,0.6726907323252963,0.22399428017981204,0.46871441397629754,0.4749930286064569,2.3247233633020024,0.11082632280392563,0.09807973695136725,0.29012252033491426,0.09783813840541401,0.199068290898652,0.2019465593185212
207.0,0.2632834372197309,0.23996728176382662,0.6666350037369208,0.22275887571001493,0.4849496793721973,0.4816051285500747,2.3818087967115096,0.11270608341422432,0.10236950435984572,0.2814323275353615,0.09488160865130495,0.20009325208722223,0.19833877871778569
208.0,0.2632834372197309,0.23996728176382662,0.6666350037369208,0.22275887571001493,0.4849496793721973,0.4816051285500747,2.3818087967115096,0.11270608341422432,0.10236950435984572,0.2814323275353615,0.09488160865130495,0.20009325208722223,0.19833877871778569
209.0,0.2799179328621908,0.2549401222614841,0.7594735597173146,0.24239276819787986,0.5255969710247349,0.5420480925795054,2.6231442473498237,0.1083903830323325,0.0985457140297493,0.29065209826134875,0.09258510949901784,0.1977633354526945,0.2036477098995984
210.0,0.2799179328621908,0.2549401222614841,0.7594735597173146,0.24239276819787986,0.5255969710247349,0.5420480925795054,2.6231442473498237,0.1083903830323325,0.0985457140297493,0.29065209826134875,0.09258510949901784,0.1977633354526945,0.2036477098995984
